<?xml version="1.0" ?>
<manifest identifier="juJqT03ItEHvZj4yz0-6hbrOFeXC7BpmJrynB0PA" version="1"
  xmlns="http://www.imsproject.org/xsd/imscp_rootv1p1p2"
  xmlns:adlcp="http://www.adlnet.org/xsd/adlcp_rootv1p2"
  xmlns:xsi="http://www.w3.org/2001/XMLSchema-instance"
  xsi:schemaLocation="http://www.imsproject.org/xsd/imscp_rootv1p1p2 imscp_rootv1p1p2.xsd
                      http://www.imsglobal.org/xsd/imsmd_rootv1p2p1 imsmd_rootv1p2p1.xsd
                      http://www.adlnet.org/xsd/adlcp_rootv1p2 adlcp_rootv1p2.xsd">
  <metadata>
    <schema>ADL SCORM</schema>
    <schemaversion>1.2</schemaversion>
    <adlcp:location>metadata.xml</adlcp:location>
  </metadata>
  <organizations default="articulate_rise">
      <organization identifier="articulate_rise">
      <title>Employee Health and Wellness (Sample Course)</title>
      <item identifier="i1" identifierref="r1" isvisible="true">
        <title>Employee Health and Wellness (Sample Course)</title>
        <adlcp:datafromlms>eyJjcHYiOiJKcnluQjBQQSJ9</adlcp:datafromlms>
      </item>
    </organization>
  </organizations>
  <resources>
    <resource identifier="r1" type="webcontent" adlcp:scormtype="sco" href="scormdriver/indexAPI.html">
      <!-- SCORMDRIVER STUFF -->
      <file href="scormdriver/LICENSE.txt" />
      <file href="scormdriver/indexAPI.html" />
      <file href="scormdriver/preloadIntegrity.js" />
      <file href="scormdriver/driverOptions.js" />
      <file href="scormdriver/AICCComm.html" />
      <file href="scormdriver/auto-scripts/AutoBookmark.js" />
      <file href="scormdriver/auto-scripts/AutoCompleteSCO.js" />
      <file href="scormdriver/auto-scripts/CourseExit.js" />
      <file href="scormdriver/blank.html" />
      <file href="scormdriver/goodbye.html" />
      <file href="scormdriver/scormdriver.js" />
      <file href="scormdriver/browsersniff.js" />

      <!-- RUNTIME COMMON STUFF -->
      <file href="scormcontent/index.html" />
      <file href="scormcontent/lib/main.bundle.js"/>

      
        <file href="scormcontent/lib/fonts/icomoon.ttf"/>
        <file href="scormcontent/lib/fonts/icomoon.woff"/>

        <file href="scormcontent/lib/icomoon.css"/>
        <file href="scormcontent/lib/main.bundle.css"/>
        <file href="scormcontent/lib/player-0.0.11.min.js"/>
        <file href="scormcontent/lib/lzwcompress.js"/>
      

      <!-- RUNTIME CONTENT STUFF -->
      <file href="scormcontent/assets/assets/player-interface.js" />
<file href="scormcontent/assets/assets/rise/assets/sample-course-v2/storyline-block-sample/html5/data/css/output.min.css" />
<file href="scormcontent/assets/assets/rise/assets/sample-course-v2/storyline-block-sample/html5/data/js/6N4hPBVGSVB.js" />
<file href="scormcontent/assets/assets/rise/assets/sample-course-v2/storyline-block-sample/html5/data/js/data.js" />
<file href="scormcontent/assets/assets/rise/assets/sample-course-v2/storyline-block-sample/html5/data/js/frame.js" />
<file href="scormcontent/assets/assets/rise/assets/sample-course-v2/storyline-block-sample/html5/data/js/paths.js" />
<file href="scormcontent/assets/assets/rise/assets/sample-course-v2/storyline-block-sample/html5/lib/scripts/app.min.js" />
<file href="scormcontent/assets/assets/rise/assets/sample-course-v2/storyline-block-sample/html5/lib/stylesheets/main.min.css" />
<file href="scormcontent/assets/assets/rise/assets/sample-course-v2/storyline-block-sample/html5/lib/stylesheets/mobile-fonts/open-sans-bold.woff" />
<file href="scormcontent/assets/assets/rise/assets/sample-course-v2/storyline-block-sample/html5/lib/stylesheets/mobile-fonts/open-sans-light.woff" />
<file href="scormcontent/assets/assets/rise/assets/sample-course-v2/storyline-block-sample/html5/lib/stylesheets/mobile-fonts/open-sans-regular.woff" />
<file href="scormcontent/assets/assets/rise/assets/sample-course-v2/storyline-block-sample/meta.xml" />
<file href="scormcontent/assets/assets/rise/assets/sample-course-v2/storyline-block-sample/mobile/5gf7UmNtcKU_80_B-10_DX1542_DY1542_CX1156_CY772.jpg" />
<file href="scormcontent/assets/assets/rise/assets/sample-course-v2/storyline-block-sample/story.html" />
<file href="scormcontent/assets/assets/rise/assets/sample-course-v2/storyline-block-sample/story_content/blank.html" />
<file href="scormcontent/assets/assets/rise/assets/sample-course-v2/storyline-block-sample/story_content/frame.json" />
<file href="scormcontent/assets/assets/rise/assets/sample-course-v2/storyline-block-sample/story_content/story.js" />
<file href="scormcontent/assets/assets/rise/assets/sample-course-v2/storyline-block-sample/story_content/thumbnail.jpg" />
<file href="scormcontent/assets/assets/rise/assets/sample-course-v2/storyline-block-sample/story_content/user.js" />
<file href="scormcontent/assets/assets/rise/assets/sample-course-v2/storyline-block-sample/story_html5.html" />
<file href="scormcontent/assets/assets/rise/assets/sample-course-v2/storyline-block-sample/threeSixty.json" />
<file href="scormcontent/lib/fonts/Lato-Light.woff" />
<file href="scormcontent/lib/fonts/Lato-Regular.woff" />
<file href="scormcontent/lib/fonts/Lato-Bold.woff" />
<file href="scormcontent/lib/fonts/Lato-Italic.woff" />
<file href="scormcontent/lib/fonts/Lato-Black.woff" />
<file href="scormcontent/lib/fonts/Merriweather-Light.woff" />
<file href="scormcontent/lib/fonts/Merriweather-Regular.woff" />
<file href="scormcontent/lib/fonts/Merriweather-Bold.woff" />
<file href="scormcontent/lib/fonts/Merriweather-Italic.woff" />
<file href="scormcontent/lib/fonts/Merriweather-Black.woff" />
<file href="scormcontent/assets/vv4otuMM2ti6BPmx_small.png" />
<file href="scormcontent/assets/gwOntBPjn6F_R7sf_stressed.jpg" />
<file href="scormcontent/assets/0f8-XJrQcV1WR-T2_healthy-meal.mp3" />
<file href="scormcontent/assets/pzGruZPUx7VcjDgN_healthy-meal.jpg" />
<file href="scormcontent/assets/8LAdrcbk4t5h2dxN_harbor-canoe.jpg" />
<file href="scormcontent/assets/7Vy_1VafNKKk3W7p_women-at-window.jpg" />
<file href="scormcontent/assets/iiUidVTI4rSbfp0m_on-shore.jpg" />
<file href="scormcontent/assets/VazStQ3g384BpfHc_wellness-plan.pdf" />
<file href="scormcontent/assets/XfH2vGElyqbC4cD4_family-eating.jpg" />
<file href="scormcontent/assets/QSGG1APoMSpX43Gj_fruit.jpg" />
<file href="scormcontent/assets/qcDOiavhJjNuamRu_reading.jpg" />
<file href="scormcontent/assets/3oGr3BMCYqmxQkyj_rock-climbing.jpg" />
<file href="scormcontent/assets/Uo1lCwjldimNhp5X_basketball.jpg" />
<file href="scormcontent/assets/PHvBmROuAfVQCbpZ_beach-yoga.jpg" />
<file href="scormcontent/assets/e4JERHJ1Pz1CerD4_breakfast.jpg" />
<file href="scormcontent/assets/HXJ0rGdURLTp53jv_avocado.jpg" />
<file href="scormcontent/assets/AkGBQhJaUDO0TXg1_strawberries.mp3" />
<file href="scormcontent/assets/8OhwZz2xgHuS3o2I_strawberries.jpg" />
<file href="scormcontent/assets/iMGbEr127lVYDejj_stretching.png" />
<file href="scormcontent/assets/nMW9F2BDeWIfRwDq_stretching.mp4" />
<file href="scormcontent/assets/sLqNPQcTqwR24cUW_neck-pain.jpg" />
<file href="scormcontent/assets/s7Qzmp1ZmL2SU8rN_stress-pain.jpg" />
<file href="scormcontent/assets/Y2T4ruZ0ZoGm4cR1_sad.jpg" />
<file href="scormcontent/assets/jrokH4eIs0jIpz-M_story.html" />
<file href="scormcontent/assets/TFeR5PdNB816_gbj_avatar.jpg" />
<file href="scormcontent/assets/tHuphyaU6MbmBwbw_volleyball.jpg" />
<file href="scormcontent/assets/J97yWSnzEcOLzI49_hammock.jpg" />
<file href="scormcontent/assets/_JG8nNEvDyEs1_Rs_gym.jpg" />
<file href="scormcontent/assets/8bsVZSt1vu6L_Bvr_plate.jpg" />
<file href="scormcontent/assets/4TOHQ45aFLk8h0eV_on-mountain.jpg" />
<file href="scormcontent/assets/grt-KGoBwpFvTVh4_159_full.png" />
<file href="scormcontent/assets/n6MS1RBJNE-e7oG7_200_full.png" />
<file href="scormcontent/assets/uPhIe05aiIyJILDA_204_full.png" />
<file href="scormcontent/assets/yHsVsbGvIHF0UgD0_210_full.png" />
<file href="scormcontent/assets/Dn0tEixulSxmP9ae_186_full.png" />
<file href="scormcontent/assets/OVkdXFhF_FpWbKGY_110_full.png" />
<file href="scormcontent/assets/xfx4nM69RE7xQuOO_167_full.png" />
<file href="scormcontent/assets/XEG1ZEidvw-bo0-k_194_full.png" />
<file href="scormcontent/assets/Ap8GbBkQd5leLuq8_206_full.png" />
<file href="scormcontent/assets/DF1uumObsWvFNS29_163_full.png" />
<file href="scormcontent/assets/UMqomoh9KwFDEunL_235_full.png" />
<file href="scormcontent/assets/O_SIfZx-F175H-GU_220_full.png" />
<file href="scormcontent/assets/p3D25VbsvmXncB9G_191_full.png" />
<file href="scormcontent/assets/SuH0GkHwnzoRuu_t_234_full.png" />
<file href="scormcontent/assets/e7mop4GsyfaJbxxK_176_full.png" />
<file href="scormcontent/assets/sIMm-nSe4PqVVazj_222_full.png" />

    </resource>
  </resources>
</manifest>
